{
  "summaries": [
    {
      "cell_id": "A_N_run1",
      "task": "A",
      "condition": "N",
      "run_idx": 1,
      "n_constructs": 9,
      "n_elements": 5,
      "n_raters": 5,
      "mean_pairwise_disagreement": 0.8433333333333334,
      "n_high_corr_pairs": 9,
      "n_saturated_pairs": 6,
      "pct_high_corr": 0.25,
      "pca_pc1": 0.6733012752397207,
      "pca_pc2": 0.2658015441196135,
      "pca_pc3": 0.05049752505955674,
      "pca_pc1_plus_pc2": 0.9391028193593343,
      "n_clusters_at_k": {
        "3": 3,
        "4": 4,
        "5": 5,
        "6": 6,
        "7": 7
      },
      "lacuna_candidates": [],
      "pair_disagreements": {
        "M1_M2": 0.9777777777777777,
        "M1_M3": 0.75,
        "M1_M4": 1.2,
        "M1_M5": 0.8222222222222222,
        "M2_M3": 0.0,
        "M2_M4": 0.7555555555555555,
        "M2_M5": 0.9111111111111111,
        "M3_M4": 0.75,
        "M3_M5": 1.0,
        "M4_M5": 1.2666666666666666
      },
      "cost_usd": 0.28032223,
      "errors": [
        "phase3 M1: parsed only 0 constructs from output",
        "phase3 M3: parsed only 0 constructs from output",
        "phase4 M3: got 8/45 ratings"
      ]
    },
    {
      "cell_id": "A_P_run1",
      "task": "A",
      "condition": "P",
      "run_idx": 1,
      "n_constructs": 8,
      "n_elements": 5,
      "n_raters": 5,
      "mean_pairwise_disagreement": 0.3925,
      "n_high_corr_pairs": 9,
      "n_saturated_pairs": 4,
      "pct_high_corr": 0.32142857142857145,
      "pca_pc1": 0.7399061132270911,
      "pca_pc2": 0.1812429470425582,
      "pca_pc3": 0.0785716318939244,
      "pca_pc1_plus_pc2": 0.9211490602696493,
      "n_clusters_at_k": {
        "3": 3,
        "4": 4,
        "5": 5,
        "6": 6,
        "7": 7
      },
      "lacuna_candidates": [],
      "pair_disagreements": {
        "M1_M2": 0.35,
        "M1_M3": 0.25,
        "M1_M4": 0.55,
        "M1_M5": 0.675,
        "M2_M3": 0.25,
        "M2_M4": 0.35,
        "M2_M5": 0.425,
        "M3_M4": 0.25,
        "M3_M5": 0.5,
        "M4_M5": 0.325
      },
      "cost_usd": 0.26004865000000005,
      "errors": [
        "phase3 M1: parsed only 0 constructs from output",
        "phase3 M3: parsed only 2 constructs from output",
        "phase3 M5: All attempts failed for moonshotai/kimi-k2.6; last error: empty content (finish_reason=length)",
        "phase4 M3: got 8/40 ratings"
      ]
    },
    {
      "cell_id": "B_N_run1",
      "task": "B",
      "condition": "N",
      "run_idx": 1,
      "n_constructs": 14,
      "n_elements": 5,
      "n_raters": 3,
      "mean_pairwise_disagreement": 0.3047619047619048,
      "n_high_corr_pairs": 36,
      "n_saturated_pairs": 21,
      "pct_high_corr": 0.3956043956043956,
      "pca_pc1": 0.7998915152595348,
      "pca_pc2": 0.14234474037317657,
      "pca_pc3": 0.0383753458169352,
      "pca_pc1_plus_pc2": 0.9422362556327114,
      "n_clusters_at_k": {
        "3": 3,
        "4": 4,
        "5": 5,
        "6": 6,
        "7": 7
      },
      "lacuna_candidates": [],
      "pair_disagreements": {
        "M1_M2": 0.4142857142857143,
        "M1_M3": 0.125,
        "M2_M3": 0.375
      },
      "cost_usd": 0.297167505,
      "errors": [
        "phase3 M3: parsed only 2 constructs from output",
        "phase4 M3: got 8/70 ratings",
        "phase4 M4: All attempts failed for deepseek/deepseek-v4-pro; last error: empty content (finish_reason=length)",
        "phase4 M5: All attempts failed for moonshotai/kimi-k2.6; last error: empty content (finish_reason=length)"
      ]
    },
    {
      "cell_id": "B_N_run2",
      "task": "B",
      "condition": "N",
      "run_idx": 2,
      "n_constructs": 14,
      "n_elements": 5,
      "n_raters": 5,
      "mean_pairwise_disagreement": 0.44607142857142856,
      "n_high_corr_pairs": 63,
      "n_saturated_pairs": 54,
      "pct_high_corr": 0.6923076923076923,
      "pca_pc1": 0.9338488985716862,
      "pca_pc2": 0.0604936887387168,
      "pca_pc3": 0.00565741268959707,
      "pca_pc1_plus_pc2": 0.994342587310403,
      "n_clusters_at_k": {
        "3": 3,
        "4": 4,
        "5": 5,
        "6": 6,
        "7": 7
      },
      "lacuna_candidates": [],
      "pair_disagreements": {
        "M1_M2": 0.32857142857142857,
        "M1_M3": 0.125,
        "M1_M4": 1.1142857142857143,
        "M1_M5": 0.32857142857142857,
        "M2_M3": 0.25,
        "M2_M4": 1.0714285714285714,
        "M2_M5": 0.2857142857142857,
        "M3_M4": 0.0,
        "M3_M5": 0.0,
        "M4_M5": 0.9571428571428572
      },
      "cost_usd": 0.3786943499999999,
      "errors": [
        "phase3 M3: parsed only 2 constructs from output",
        "phase4 M3: got 8/70 ratings"
      ]
    },
    {
      "cell_id": "B_N_run3",
      "task": "B",
      "condition": "N",
      "run_idx": 3,
      "n_constructs": 9,
      "n_elements": 3,
      "n_raters": 4,
      "mean_pairwise_disagreement": 0.13580246913580246,
      "n_high_corr_pairs": 22,
      "n_saturated_pairs": 22,
      "pct_high_corr": 0.6111111111111112,
      "pca_pc1": 0.899442368147465,
      "pca_pc2": 0.10055763185253494,
      "pca_pc3": 0.0,
      "pca_pc1_plus_pc2": 1.0,
      "n_clusters_at_k": {
        "3": 3,
        "4": 4,
        "5": 5,
        "6": 6,
        "7": 6
      },
      "lacuna_candidates": [],
      "pair_disagreements": {
        "M1_M2": 0.07407407407407407,
        "M1_M3": 0.0,
        "M1_M4": 0.3333333333333333,
        "M2_M3": 0.0,
        "M2_M4": 0.4074074074074074,
        "M3_M4": 0.0
      },
      "cost_usd": 0.111154389,
      "errors": [
        "phase1 M5: object of type 'NoneType' has no len()",
        "cell-level: expected string or bytes-like object, got 'NoneType'",
        "phase3 M1: parsed only 0 constructs from output",
        "phase3 M3: parsed only 0 constructs from output",
        "phase4 M3: got 1/27 ratings",
        "phase4 M5: All attempts failed for moonshotai/kimi-k2.6; last error: empty content (finish_reason=length)"
      ]
    },
    {
      "cell_id": "B_P_run1",
      "task": "B",
      "condition": "P",
      "run_idx": 1,
      "n_constructs": 14,
      "n_elements": 5,
      "n_raters": 5,
      "mean_pairwise_disagreement": 0.6492857142857144,
      "n_high_corr_pairs": 22,
      "n_saturated_pairs": 15,
      "pct_high_corr": 0.24175824175824176,
      "pca_pc1": 0.5469289445497192,
      "pca_pc2": 0.36998374320585836,
      "pca_pc3": 0.08111587678595934,
      "pca_pc1_plus_pc2": 0.9169126877555775,
      "n_clusters_at_k": {
        "3": 3,
        "4": 4,
        "5": 5,
        "6": 6,
        "7": 7
      },
      "lacuna_candidates": [],
      "pair_disagreements": {
        "M1_M2": 0.6142857142857143,
        "M1_M3": 1.25,
        "M1_M4": 0.9,
        "M1_M5": 0.8285714285714286,
        "M2_M3": 0.875,
        "M2_M4": 0.4857142857142857,
        "M2_M5": 0.5,
        "M3_M4": 0.25,
        "M3_M5": 0.375,
        "M4_M5": 0.4142857142857143
      },
      "cost_usd": 0.32724546499999996,
      "errors": [
        "phase3 M3: parsed only 2 constructs from output",
        "phase4 M3: got 8/70 ratings"
      ]
    },
    {
      "cell_id": "B_P_run2",
      "task": "B",
      "condition": "P",
      "run_idx": 2,
      "n_constructs": 12,
      "n_elements": 3,
      "n_raters": 5,
      "mean_pairwise_disagreement": 0.9464646464646466,
      "n_high_corr_pairs": 39,
      "n_saturated_pairs": 31,
      "pct_high_corr": 0.5909090909090909,
      "pca_pc1": 0.8028027693970673,
      "pca_pc2": 0.19719723060293273,
      "pca_pc3": 0.0,
      "pca_pc1_plus_pc2": 1.0,
      "n_clusters_at_k": {
        "3": 3,
        "4": 4,
        "5": 5,
        "6": 6,
        "7": 7
      },
      "lacuna_candidates": [],
      "pair_disagreements": {
        "M1_M2": 0.5454545454545454,
        "M1_M3": 1.0,
        "M1_M4": 0.36363636363636365,
        "M1_M5": 0.6666666666666666,
        "M2_M3": 3.0,
        "M2_M4": 0.2777777777777778,