{
  "overall_disagreement": {
    "mean": 0.47643889888004803,
    "ci_low": 0.43022151308132284,
    "ci_high": 0.528310485996635,
    "n": 70,
    "boot_sd": 0.025340887445009886
  },
  "task_A_disagreement": {
    "mean": 0.6623559163059164,
    "ci_low": 0.49997442460317465,
    "ci_high": 0.8523725270562771,
    "n": 10,
    "boot_sd": 0.09128130042408861
  },
  "task_B_disagreement": {
    "mean": 0.3422518228148662,
    "ci_low": 0.23473917614993703,
    "ci_high": 0.4348328255078255,
    "n": 10,
    "boot_sd": 0.05229801425880527
  },
  "task_C_disagreement": {
    "mean": 0.5118810485810485,
    "ci_low": 0.45229552128427125,
    "ci_high": 0.5755085353535353,
    "n": 10,
    "boot_sd": 0.03232813208444049
  },
  "task_D_disagreement": {
    "mean": 0.3713629148629149,
    "ci_low": 0.27533175505050506,
    "ci_high": 0.4698109397546898,
    "n": 10,
    "boot_sd": 0.04980400451400631
  },
  "task_E_disagreement": {
    "mean": 0.41473376623376623,
    "ci_low": 0.3261251352813854,
    "ci_high": 0.4984921807359307,
    "n": 10,
    "boot_sd": 0.04494247916604765
  },
  "task_F_disagreement": {
    "mean": 0.5356153707403707,
    "ci_low": 0.44372695984570987,
    "ci_high": 0.6447607305888555,
    "n": 10,
    "boot_sd": 0.0513167473568121
  },
  "task_G_disagreement": {
    "mean": 0.49687145262145255,
    "ci_low": 0.34785583513708523,
    "ci_high": 0.6689897546897544,
    "n": 10,
    "boot_sd": 0.08298361478349038
  },
  "persona_minus_neutral_paired": {
    "mean_delta": -0.10589123405924651,
    "ci_low": -0.26519207552195895,
    "ci_high": 0.05171782737362703,
    "n_pairs": 7,
    "boot_sd": 0.08146485765998017
  },
  "task_A_cross_minus_pilot": {
    "mean": 0.3523559163059163,
    "ci_low": 0.18997442460317465,
    "ci_high": 0.542372527056277,
    "n": 10,
    "boot_sd": 0.0912813004240886
  },
  "task_B_cross_minus_pilot": {
    "mean": 0.20225182281486626,
    "ci_low": 0.09473917614993703,
    "ci_high": 0.29483282550782547,
    "n": 10,
    "boot_sd": 0.05229801425880527
  },
  "procrustes_disparity": {
    "mean": 0.35226814814999224,
    "ci_low": 0.3028804640213507,
    "ci_high": 0.36226828046147236,
    "n_boot": 200,
    "boot_sd": 0.015061288491802051,
    "boots_n_valid": 200
  },
  "variance_task": {
    "point": 0.003549621357787754,
    "ci_low": 0.0017390874682026154,
    "ci_high": 0.008474832996080916,
    "n_boot": 200
  },
  "variance_condition": {
    "point": 7.707620540926164e-05,
    "ci_low": 4.902849988429177e-07,
    "ci_high": 0.0011294503029385978,
    "n_boot": 200
  },
  "variance_rater": {
    "point": 0.00012106336411245072,
    "ci_low": 3.60540462025909e-05,
    "ci_high": 0.00042424414611495087,
    "n_boot": 200
  },
  "variance_cell_id": {
    "point": 0.02263831310599472,
    "ci_low": 0.017015415723290017,
    "ci_high": 0.02754217427062128,
    "n_boot": 200
  }
}