{
  "A": {
    "n_cells_rated": 288,
    "mean_cell_sd": 1.520348262106326,
    "median_cell_sd": 1.6132313186460552,
    "mean_rating": 3.860132575757575,
    "rater_offsets": {
      "M1": -0.2559659090909091,
      "M2": 0.04264520202020204,
      "M4": -0.4434659090909091,
      "M5": 0.10514520202020204,
      "M6": -1.0580492424242425,
      "M7": 2.514867424242424,
      "M8": 0.04611742424242428,
      "M9": -0.6587436868686869,
      "M10": -0.15527146464646466,
      "M11": -0.2351325757575757,
      "M3": 0.1648059542796385
    },
    "rater_offset_sds": {
      "M1": 0.8765148190116836,
      "M2": 1.041425247027774,
      "M4": 0.9992805060215881,
      "M5": 1.1736592817086224,
      "M6": 1.4977669538004166,
      "M7": 1.6135932131403314,
      "M8": 1.1261540694097298,
      "M9": 2.138300324334544,
      "M10": 1.0797566464334594,
      "M11": 0.822834993288088,
      "M3": 1.5574636096114582
    },
    "cost_per_model": {
      "M1": 0.16257,
      "M2": 0.29177000000000003,
      "M3": 0.206476,
      "M4": 0.018420075,
      "M5": 0.14689378,
      "M6": 0.008606,
      "M7": 0.05887500000000001,
      "M8": 0.05565875,
      "M9": 0.0029898,
      "M10": 0.015895000000000003,
      "M11": 0.0
    },
    "cost_total": 0.968154405
  },
  "B": {
    "n_cells_rated": 270,
    "mean_cell_sd": 1.3890229999077264,
    "median_cell_sd": 2.006163342807532,
    "mean_rating": 3.9349345304900867,
    "rater_offsets": {
      "M1": -0.12011971567527127,
      "M2": -0.06826786382341943,
      "M5": -0.02382341937897498,
      "M6": -0.09049008604564165,
      "M7": 0.28728769173213603,
      "M8": -0.04974934530490091,
      "M9": 0.009509913954358318,
      "M10": 0.1983988028432472,
      "M11": -0.10900860456416017,
      "M4": -0.023303457106273972,
      "M3": -0.24848484848484845
    },
    "rater_offset_sds": {
      "M1": 0.8840295367176302,
      "M2": 0.9820997979986367,
      "M5": 1.025197405060902,
      "M6": 1.1067307212302933,
      "M7": 3.4544411007732894,
      "M8": 1.0550368825301872,
      "M9": 1.6512845472144886,
      "M10": 3.0812883176086965,
      "M11": 0.9414503119359108,
      "M4": 1.3498256955761323,
      "M3": 1.1864555481250731
    },
    "cost_per_model": {
      "M1": 0.15245,
      "M2": 0.264955,
      "M3": 0.205384,
      "M4": 0.018996884999999998,
      "M5": 0.09479354999999999,
      "M6": 0.007857000000000001,
      "M7": 0.05603000000000001,
      "M8": 0.05899875,
      "M9": 0.0028155000000000003,
      "M10": 0.014913750000000002,
      "M11": 0.0
    },
    "cost_total": 0.8771944349999999
  },
  "C": {
    "n_cells_rated": 297,
    "mean_cell_sd": 0.8531867646311424,
    "median_cell_sd": 0.6403124237432849,
    "mean_rating": 3.4203236064347173,
    "rater_offsets": {
      "M1": -0.02301720912832025,
      "M2": -0.053320239431350544,
      "M6": -0.4034885895997007,
      "M7": 0.1756359895248784,
      "M8": -0.06342124953236065,
      "M9": 0.4550972689861579,
      "M10": 0.16890198279087165,
      "M11": -0.016283202394313516,
      "M3": -0.17079490557751426,
      "M4": -0.19379310344827588
    },
    "rater_offset_sds": {
      "M1": 0.6980379652349263,
      "M2": 0.765280704522386,
      "M6": 1.3035078240115539,
      "M7": 1.8946335096312017,
      "M8": 1.0049917704247595,
      "M9": 1.6956668491185136,
      "M10": 1.2918561389640748,
      "M11": 0.7500081981938787,
      "M3": 0.9245849365967469,
      "M4": 0.8810041832970603
    },
    "cost_per_model": {
      "M1": 0.16681500000000002,
      "M2": 0.23607499999999998,
      "M3": 0.20668799999999998,
      "M4": 0.013605495,
      "M5": 0.01968292,
      "M6": 0.008554,
      "M7": 0.06132000000000001,
      "M8": 0.06272375,
      "M9": 0.0030648,
      "M10": 0.016168750000000003,
      "M11": 0.0
    },
    "cost_total": 0.7946977149999999
  },
  "D": {
    "n_cells_rated": 297,
    "mean_cell_sd": 1.9395952920943014,
    "median_cell_sd": 1.954016841836789,
    "mean_rating": 3.9123660850933577,
    "rater_offsets": {
      "M1": -0.5689317416590145,
      "M2": -0.6396388123660852,
      "M4": -0.18509335782063063,
      "M5": -0.4982246709519438,
      "M6": 1.0438628711355984,
      "M7": 2.279553106825834,
      "M8": -0.5318947046219773,
      "M9": -0.2052953780226508,
      "M10": -0.09081726354453629,
      "M11": -0.619436792164065,
      "M3": 0.07624633431085041
    },
    "rater_offset_sds": {
      "M1": 0.9837896729705043,
      "M2": 1.2629931277321227,
      "M4": 2.19839993033929,
      "M5": 1.3891279874402482,
      "M6": 2.646452776995314,
      "M7": 2.484472611624515,
      "M8": 1.4484658517141118,
      "M9": 1.9642911075099077,
      "M10": 1.4806649118027222,
      "M11": 0.9983241850570971,
      "M3": 1.33220806883894
    },
    "cost_per_model": {
      "M1": 0.176565,
      "M2": 0.32188,
      "M3": 0.208,
      "M4": 0.010792350000000001,
      "M5": 0.06461091999999999,
      "M6": 0.0091065,
      "M7": 0.06262250000000001,
      "M8": 0.07132625000000001,
      "M9": 0.0031441499999999996,
      "M10": 0.01665625,
      "M11": 0.0
    },
    "cost_total": 0.9447039200000001
  },
  "E": {
    "n_cells_rated": 297,
    "mean_cell_sd": 1.2295751473318135,
    "median_cell_sd": 1.33608531424537,
    "mean_rating": 3.7033670033670036,
    "rater_offsets": {
      "M1": 0.13164983164983174,
      "M2": 0.09797979797979803,
      "M4": 0.027272727272727327,
      "M5": 0.14511784511784515,
      "M6": 0.363973063973064,
      "M7": -0.8346801346801346,
      "M8": 0.16195286195286202,
      "M9": -0.46430976430976423,
      "M10": 0.19562289562289567,
      "M11": 0.10471380471380476,
      "M3": 0.0758122743682311
    },
    "rater_offset_sds": {
      "M1": 0.9613463540881692,
      "M2": 0.6741039639371427,
      "M4": 0.7718079120110295,
      "M5": 0.8140074090885021,
      "M6": 1.4889800835578277,
      "M7": 3.10519828630232,
      "M8": 0.7367338408955274,
      "M9": 2.136039765379032,
      "M10": 1.1395871204837418,
      "M11": 0.7459960085964588,
      "M3": 0.7575412946924901
    },
    "cost_per_model": {
      "M1": 0.172065,
      "M2": 0.26344500000000004,
      "M3": 0.209086,
      "M4": 0.020089605,
      "M5": 0.10589569,
      "M6": 0.008931,
      "M7": 0.06138500000000001,
      "M8": 0.07774,
      "M9": 0.0031057499999999996,
      "M10": 0.016366250000000002,
      "M11": 0.0
    },
    "cost_total": 0.9381092950000002
  },
  "F": {
    "n_cells_rated": 270,
    "mean_cell_sd": 0.8847453330426707,
    "median_cell_sd": 0.8874219244628025,
    "mean_rating": 2.82927796483352,
    "rater_offsets": {
      "M1": 0.10405536849981292,
      "M2": 0.10775907220351665,
      "M4": 0.278129442573887,
      "M6": -0.007055742611298192,
      "M7": -0.5440927796483351,
      "M8": 0.17812944257388702,
      "M9": -0.3070557426112982,
      "M10": -0.018166853722409292,
      "M11": 0.21887018331462774,
      "M3": -0.007994842037395236,
      "M5": -0.04935064935064933
    },
    "rater_offset_sds": {
      "M1": 0.7142530672162251,
      "M2": 0.8186641288258287,
      "M4": 0.9319615249893557,
      "M6": 1.0459656049219879,
      "M7": 1.833428834679353,
      "M8": 0.6620542618258906,
      "M9": 1.1339362192539806,
      "M10": 0.9075051055075545,
      "M11": 0.6818871384603266,
      "M3": 1.1128459939159026,
      "M5": 0.7348124939384895
    },
    "cost_per_model": {
      "M1": 0.157095,
      "M2": 0.250125,
      "M3": 0.204676,
      "M4": 0.007996945,
      "M5": 0.03097894,
      "M6": 0.008323,
      "M7": 0.058132500000000004,
      "M8": 0.06690499999999999,
      "M9": 0.0029054999999999997,
      "M10": 0.015508750000000003,
      "M11": 0.0
    },
    "cost_total": 0.802646635
  },
  "G": {
    "n_cells_rated": 297,
    "mean_cell_sd": 1.2301332643193594,
    "median_cell_sd": 1.2489995996796797,
    "mean_rating": 3.715733088460361,
    "rater_offsets": {
      "M1": -0.005295378022650779,
      "M2": 0.008172635445362696,