baseline,mean_max_similarity,median_max_similarity,frac_novel_at_0.5,frac_novel_at_0.4
Hofstede,0.23516981303691864,0.2316170334815979,0.9975369458128078,0.9852216748768473
Schwartz,0.28501397371292114,0.2881345748901367,0.9963054187192119,0.9298029556650246
Big Five,0.22521694004535675,0.22552606463432312,1.0,0.9950738916256158
NDM-Klein,0.227637380361557,0.22781267762184143,0.9987684729064039,0.9815270935960592
