{
  "method": "Lab var = across-model variance of mean N ratings. Persona var = within-model variance of (rating_K - rating_N) paired deltas, averaged across models.",
  "n_tasks_evaluated": 7,
  "median_ratio": 0.07391759937541698,
  "mean_ratio": 0.18103047596368227,
  "phase_1_original_ratio": 2.3,
  "per_task": {
    "A": {
      "lab_var": 1.006287336578693,
      "persona_var": 1.26518369626175,
      "ratio": 0.7953685615393081,
      "n_pairs": 2475,
      "n_models_with_data": 9
    },
    "B": {
      "lab_var": 0.03376851817837222,
      "persona_var": 1.5005358028431994,
      "ratio": 0.022504306871177604,
      "n_pairs": 2531,
      "n_models_with_data": 11
    },
    "C": {
      "lab_var": 0.058950573196738534,
      "persona_var": 3.597074155311703,
      "ratio": 0.016388478705585706,
      "n_pairs": 2406,
      "n_models_with_data": 9
    },
    "D": {
      "lab_var": 0.9054173106548714,
      "persona_var": 4.472102947102948,
      "ratio": 0.20245895977001283,
      "n_pairs": 2695,
      "n_models_with_data": 10
    },
    "E": {
      "lab_var": 0.12846686578666544,
      "persona_var": 1.7379739990499488,
      "ratio": 0.07391759937541698,
      "n_pairs": 2752,
      "n_models_with_data": 10
    },
    "F": {
      "lab_var": 0.0642087460168524,
      "persona_var": 1.0261516777169706,
      "ratio": 0.06257237347183116,
      "n_pairs": 2571,
      "n_models_with_data": 10
    },
    "G": {
      "lab_var": 0.18450889793343345,
      "persona_var": 1.9627968877968875,
      "ratio": 0.0940030520124437,
      "n_pairs": 2710,
      "n_models_with_data": 10
    }
  },
  "n_paired_tuples_total": 18140
}