{
  "method": "Lab var = across-model variance of N cell means per task. Persona var = within-model variance across P cells minus within-model variance across N cells (run noise floor). Ratio computed per task, median across tasks.",
  "n_tasks_evaluated": 7,
  "median_ratio_lab_over_persona": 0.38524101035534625,
  "mean_ratio_lab_over_persona": 572.3891180815689,
  "phase_1_original_ratio": 2.3,
  "per_task": {
    "A": {
      "lab_var": 0.11834378081611367,
      "persona_var_raw": 0.10674515692536883,
      "n_run_noise": 0.29080502461213903,
      "net_persona": 0.0001,
      "ratio": 1183.4378081611367,
      "n_models_N": 11,
      "n_models_with_p_var": 10,
      "n_models_with_n_var": 10
    },
    "B": {
      "lab_var": 0.04158729965878939,
      "persona_var_raw": 0.2022839160113093,
      "n_run_noise": 0.05714654133268067,
      "net_persona": 0.14513737467862864,
      "ratio": 0.2865374942248634,
      "n_models_N": 11,
      "n_models_with_p_var": 10,
      "n_models_with_n_var": 10
    },
    "C": {
      "lab_var": 0.03401178919147265,
      "persona_var_raw": 0.2282162263841224,
      "n_run_noise": 0.11821913798473434,
      "net_persona": 0.10999708839938806,
      "ratio": 0.309206267969379,
      "n_models_N": 11,
      "n_models_with_p_var": 10,
      "n_models_with_n_var": 10
    },
    "D": {
      "lab_var": 0.2152187388987751,
      "persona_var_raw": 0.0920049984093763,
      "n_run_noise": 0.28018113125004984,
      "net_persona": 0.0001,
      "ratio": 2152.187388987751,
      "n_models_N": 11,
      "n_models_with_p_var": 10,
      "n_models_with_n_var": 10
    },
    "E": {
      "lab_var": 0.03973257374839971,
      "persona_var_raw": 0.1693663202438232,
      "n_run_noise": 0.05209655226234873,
      "net_persona": 0.11726976798147447,
      "ratio": 0.3388134421369062,
      "n_models_N": 11,
      "n_models_with_p_var": 10,
      "n_models_with_n_var": 10
    },
    "F": {
      "lab_var": 0.06542810447399562,
      "persona_var_raw": 0.5477410371161915,
      "n_run_noise": 0.3779042266124376,
      "net_persona": 0.16983681050375388,
      "ratio": 0.38524101035534625,
      "n_models_N": 11,
      "n_models_with_p_var": 10,
      "n_models_with_n_var": 10
    },
    "G": {
      "lab_var": 0.06697788312074077,
      "persona_var_raw": 0.15156560322656756,
      "n_run_noise": 0.2073724889011018,
      "net_persona": 0.0001,
      "ratio": 669.7788312074076,
      "n_models_N": 11,
      "n_models_with_p_var": 10,
      "n_models_with_n_var": 10
    }
  }
}