{
  "n_cells_total": 98,
  "n_constructs": 1861,
  "n_phases": 5,
  "n_ratings_total": 110882,
  "phases": {
    "pilot": {
      "n_cells": 42,
      "n_constructs": 549,
      "models": [
        "M1",
        "M2",
        "M3",
        "M4",
        "M5"
      ]
    },
    "extended": {
      "n_cells": 20,
      "n_constructs": 246,
      "models": [
        "M1",
        "M2",
        "M3",
        "M4",
        "M5"
      ]
    },
    "phase2h": {
      "n_cells": 12,
      "n_constructs": 335,
      "models": [
        "M1",
        "M2",
        "M3",
        "M4",
        "M5",
        "M6",
        "M7",
        "M8",
        "M9",
        "M10"
      ]
    },
    "phase2h_extended": {
      "n_cells": 10,
      "n_constructs": 288,
      "models": [
        "M1",
        "M2",
        "M3",
        "M4",
        "M5",
        "M6",
        "M7",
        "M8",
        "M9",
        "M10"
      ]
    },
    "phase2j": {
      "n_cells": 14,
      "n_constructs": 443,
      "models": [
        "M1",
        "M2",
        "M3",
        "M4",
        "M5",
        "M6",
        "M7",
        "M8",
        "M9",
        "M10",
        "M11"
      ]
    }
  },
  "combined_coords": {
    "M1": [
      -7.289446436232584,
      -4.367448239733423
    ],
    "M2": [
      -7.581879934566313,
      -6.4324452502791
    ],
    "M3": [
      -5.291416017375046,
      -6.487201516259421
    ],
    "M4": [
      -7.663082147818879,
      -5.485871783400703
    ],
    "M5": [
      -4.622312340675264,
      -5.118082626748845
    ],
    "M6": [
      -0.5790173968795703,
      15.904405599813849
    ],
    "M7": [
      43.28271009603139,
      -5.375913691711861
    ],
    "M8": [
      -7.899624260934025,
      -7.822019383388247
    ],
    "M9": [
      -0.5548032827383388,
      20.64547271641066
    ],
    "M10": [
      0.8435237892786859,
      6.574124491317837
    ],
    "M11": [
      -2.6446520680900467,
      -2.03502031602073
    ]
  },
  "combined_evr": [
    0.3945867219066745,
    0.17795997171877614,
    0.14749211998012035,
    0.08601487557335115,
    0.07137984166117656
  ],
  "bootstrap": {
    "M1": {
      "n_samples": 200,
      "PC1_mean": -0.12462018062237908,
      "PC1_sd": 0.008812207819584505,
      "PC1_ci_lo": -0.13891913765097078,
      "PC1_ci_hi": -0.1039528274913527,
      "PC2_mean": -0.06825135613099964,
      "PC2_sd": 0.020750281995715148,
      "PC2_ci_lo": -0.09792567721137344,
      "PC2_ci_hi": -0.012477147656691195
    },
    "M2": {
      "n_samples": 200,
      "PC1_mean": -0.13005588072472637,
      "PC1_sd": 0.013291162324699117,
      "PC1_ci_lo": -0.15575215765008749,
      "PC1_ci_hi": -0.10303119844526486,
      "PC2_mean": -0.0975682064245117,
      "PC2_sd": 0.027852667838304094,
      "PC2_ci_lo": -0.13643412206757183,
      "PC2_ci_hi": -0.014730037836395343
    },
    "M3": {
      "n_samples": 200,
      "PC1_mean": -0.09022679307379816,
      "PC1_sd": 0.020925462047443763,
      "PC1_ci_lo": -0.13013958679047122,
      "PC1_ci_hi": -0.05241008200425054,
      "PC2_mean": -0.10057342851668033,
      "PC2_sd": 0.03513019507285899,
      "PC2_ci_lo": -0.16037845763371664,
      "PC2_ci_hi": -0.019651074528652685
    },
    "M4": {
      "n_samples": 200,
      "PC1_mean": -0.1297225329654905,
      "PC1_sd": 0.01979648791762429,
      "PC1_ci_lo": -0.1630790721881267,
      "PC1_ci_hi": -0.0928007742329527,
      "PC2_mean": -0.08892097379144565,
      "PC2_sd": 0.04776273719984323,
      "PC2_ci_lo": -0.16967793058384883,
      "PC2_ci_hi": 0.001040887811080643
    },
    "M5": {
      "n_samples": 200,
      "PC1_mean": -0.080196823965857,
      "PC1_sd": 0.016644043998121943,
      "PC1_ci_lo": -0.11187789130643562,
      "PC1_ci_hi": -0.04919646164048255,
      "PC2_mean": -0.07828984998338184,
      "PC2_sd": 0.023932651851520114,
      "PC2_ci_lo": -0.11707459719826022,
      "PC2_ci_hi": -0.02700450190152321
    },
    "M6": {
      "n_samples": 200,
      "PC1_mean": -0.006097672193875228,
      "PC1_sd": 0.07831735465924503,
      "PC1_ci_lo": -0.13545954630397292,
      "PC1_ci_hi": 0.17416483581085562,
      "PC2_mean": 0.23679639440759373,
      "PC2_sd": 0.1599414249535937,
      "PC2_ci_lo": -0.1608259566956961,
      "PC2_ci_hi": 0.4344653123604687
    },
    "M7": {
      "n_samples": 200,
      "PC1_mean": 0.7288989431245984,
      "PC1_sd": 0.05495964912043771,
      "PC1_ci_lo": 0.5813270968688419,
      "PC1_ci_hi": 0.7856824213263663,
      "PC2_mean": -0.07823471567229143,
      "PC2_sd": 0.04171004001649633,
      "PC2_ci_lo": -0.13059903459799133,
      "PC2_ci_hi": 0.01968426355187764
    },
    "M8": {
      "n_samples": 200,
      "PC1_mean": -0.13584565379147054,
      "PC1_sd": 0.014129662574664715,
      "PC1_ci_lo": -0.16123466300575298,
      "PC1_ci_hi": -0.10771342405778683,
      "PC2_mean": -0.12001564818093763,
      "PC2_sd": 0.03181677231691574,
      "PC2_ci_lo": -0.16254351678914952,
      "PC2_ci_hi": -0.03523610813110972
    },
    "M9": {
      "n_samples": 200,
      "PC1_mean": -0.005840016006695511,
      "PC1_sd": 0.03608324648121126,
      "PC1_ci_lo": -0.06947634873536467,
      "PC1_ci_hi": 0.06485908831693689,
      "PC2_mean": 0.3231425353598557,
      "PC2_sd": 0.15028859027499236,
      "PC2_ci_lo": -0.1351655548633022,
      "PC2_ci_hi": 0.49965684191133064
    },
    "M10": {
      "n_samples": 200,
      "PC1_mean": 0.01831192183507295,
      "PC1_sd": 0.02320592737016482,
      "PC1_ci_lo": -0.0211225575748926,
      "PC1_ci_hi": 0.06829846365849417,
      "PC2_mean": 0.10261645645403503,
      "PC2_sd": 0.06104066314500148,
      "PC2_ci_lo": -0.0062715358581105825,
      "PC2_ci_hi": 0.22139437627445038
    },
    "M11": {
      "n_samples": 200,
      "PC1_mean": -0.0446053116153789,
      "PC1_sd": 0.014817005412540475,
      "PC1_ci_lo": -0.07562767526061612,
      "PC1_ci_hi": -0.016530320787464,
      "PC2_mean": -0.030701207521236312,
      "PC2_sd": 0.011497589854681092,
      "PC2_ci_lo": -0.05471618207663583,
      "PC2_ci_hi": -0.0059643638127532105
    }
  },
  "procrustes_pairwise": {
    "pilot__extended": 0.5956274457332649,
    "pilot__phase2h": 0.7320638768492134,
    "pilot__phase2h_extended": 0.49673719540983624,
    "pilot__phase2j": 0.32300976591722197,
    "extended__phase2h": 0.5434514233679812,
    "extended__phase2h_extended": 0.4196656691775898,
    "extended__phase2j": 0.3307659442131502,
    "phase2h__phase2h_extended": 0.03960409958783796,
    "phase2h__phase2j": 0.15412973132302324,
    "phase2h_extended__phase2j": 0.12752725643258467
  },
  "procrustes_max": 0.7320638768492134,
  "procrustes_min": 0.03960409958783796,
  "cohere": {
    "per_phase_pc1": {
      "phase2h": {
        "M7_PC1": 26.096286327830825,
        "others_mean_PC1": -2.89958736975898,
        "offset": 28.995873697589804
      },
      "phase2h_extended": {
        "M7_PC1": -22.817334412839653,
        "others_mean_PC1": 2.535259379204406,
        "offset": -25.352593792044058
      },
      "phase2j": {
        "M7_PC1": 25.31787939428575,
        "others_mean_PC1": -2.5317879394285736,
        "offset": 27.849667333714322
      }
    },
    "verdict": "Cohere PC1 offset > 5 единиц на 2/3 phases and +47.61 in combined analysis.",
    "combined_offset": 47.61098110563452
  },
  "mean_ratings": {
    "M1": {
      "phases": {
        "pilot": {
          "n": 2745,
          "mean": 3.5202185792349727,
          "sd": 2.174018986299061,
          "p7_rate": 17.522768670309656
        },
        "extended": {
          "n": 1230,
          "mean": 3.5365853658536586,
          "sd": 2.425430373516232,
          "p7_rate": 22.84552845528455
        },
        "phase2h": {
          "n": 3015,
          "mean": 3.485240464344942,
          "sd": 2.1843605598198295,
          "p7_rate": 17.512437810945276
        },
        "phase2h_extended": {
          "n": 2592,
          "mean": 3.591820987654321,
          "sd": 2.3804610054749378,