{
  "model_1_rater_effect": {
    "label": "Model 1: rating ~ task + condition + (1|rater)",
    "formula": "rating ~ C(task) + C(condition)",
    "n_obs": 110882,
    "fixed_effects": {
      "Intercept": {
        "beta": 0.267695510680881,
        "se": NaN,
        "p": NaN
      },
      "C(task)[T.B]": {
        "beta": 0.21083583328700445,
        "se": 0.02683613824782679,
        "p": 3.952845738500474e-15
      },
      "C(task)[T.C]": {
        "beta": -0.1076964592886555,
        "se": 0.026235787668610545,
        "p": 4.044114937207751e-05
      },
      "C(task)[T.D]": {
        "beta": 0.042618330804234925,
        "se": 0.02210713864157839,
        "p": 0.05387894432759235
      },
      "C(task)[T.E]": {
        "beta": 0.10926060229161515,
        "se": 0.026028407885823907,
        "p": 2.69586705493749e-05
      },
      "C(task)[T.F]": {
        "beta": -0.46998437067258214,
        "se": 0.026922122861062162,
        "p": 3.0355889696052254e-68
      },
      "C(task)[T.G]": {
        "beta": 0.17900426416814486,
        "se": 0.02499515248438533,
        "p": 7.976455549584058e-13
      },
      "C(condition)[T.P]": {
        "beta": 0.031211832675735074,
        "se": 0.01419476394497391,
        "p": 0.027890213576335542
      }
    },
    "random_effect_variance": 0.0,
    "scale": 5.576145843519397,
    "loglik": Infinity
  },
  "model_2_cohere_offset": {
    "label": "Model 2: rating ~ is_cohere + task + condition + (1|rater)",
    "formula": "rating ~ is_cohere + C(task) + C(condition)",
    "n_obs": 110882,
    "fixed_effects": {
      "Intercept": {
        "beta": 3.567873769658674,
        "se": 0.01963567881665131,
        "p": 0.0
      },
      "C(task)[T.B]": {
        "beta": 0.21091771180338392,
        "se": 0.026822992832244492,
        "p": 3.740909014332687e-15
      },
      "C(task)[T.C]": {
        "beta": -0.10805822840710066,
        "se": 0.026229079876131014,
        "p": 3.792224171574431e-05
      },
      "C(task)[T.D]": {
        "beta": 0.04170246166501338,
        "se": 0.022108465527072203,
        "p": 0.05925902820453604
      },
      "C(task)[T.E]": {
        "beta": 0.10901512946136423,
        "se": 0.02602123384585301,
        "p": 2.7960906759455058e-05
      },
      "C(task)[T.F]": {
        "beta": -0.4710301078691351,
        "se": 0.026915320901014395,
        "p": 1.4215282317299404e-68
      },
      "C(task)[T.G]": {
        "beta": 0.17734295438820322,
        "se": 0.024982880071801068,
        "p": 1.2604589154597892e-12
      },
      "C(condition)[T.P]": {
        "beta": 0.0311294364014532,
        "se": 0.014193636485718034,
        "p": 0.02829321173113824
      },
      "is_cohere": {
        "beta": 0.48337397420883865,
        "se": 0.038852580148786967,
        "p": 1.5607727234601028e-35
      }
    },
    "random_effect_variance": 0.0007774247336781663,
    "scale": 5.576676059274761,
    "loglik": -252620.0155238387
  },
  "model_3_opus48_calibration": {
    "label": "Model 3: rating ~ is_opus_48 + task + condition + (1|construct), rater∈{M1,M11}",
    "formula": "rating ~ is_opus_48 + C(task) + C(condition)",
    "n_obs": 17556,
    "fixed_effects": {
      "Intercept": {
        "beta": 3.5146788340471233,
        "se": 0.047576462591426755,
        "p": 0.0
      },
      "C(task)[T.B]": {
        "beta": 0.21611428926998363,
        "se": 0.06427789211563419,
        "p": 0.0007732775436113566
      },
      "C(task)[T.C]": {
        "beta": -0.0679089057669447,
        "se": 0.06378665387396727,
        "p": 0.28704538240919664
      },
      "C(task)[T.D]": {
        "beta": -0.06434807729566992,
        "se": 0.055208971544467876,
        "p": 0.2438018518148083
      },
      "C(task)[T.E]": {
        "beta": 0.14523189123720187,
        "se": 0.06349219363753848,
        "p": 0.022172626355773117
      },
      "C(task)[T.F]": {
        "beta": -0.46047700301906763,
        "se": 0.06507193792055968,
        "p": 1.4791558979322078e-12
      },
      "C(task)[T.G]": {
        "beta": 0.26028009891526016,
        "se": 0.059498163556472215,
        "p": 1.2166066340316819e-05
      },
      "C(condition)[T.P]": {
        "beta": 0.05007852671628164,
        "se": 0.03377297511003779,
        "p": 0.13812787695924808
      },
      "is_opus_48": {
        "beta": 0.02536117814474137,
        "se": 0.040917386544166046,
        "p": 0.5353801036522611
      }
    },
    "random_effect_variance": 0.008512867480817116,
    "scale": 5.000061938727062,
    "loglik": -39049.118182610386
  }
}