{
  "summaries": [
    {
      "cell_id": "A_N_run1",
      "task": "A",
      "condition": "N",
      "run_idx": 1,
      "n_constructs": 13,
      "n_elements": 5,
      "n_raters": 4,
      "mean_pairwise_disagreement": 0.3445512820512821,
      "n_high_corr_pairs": 30,
      "n_saturated_pairs": 20,
      "pct_high_corr": 0.38461538461538464,
      "pca_pc1": 0.7628184180424955,
      "pca_pc2": 0.11556049353531883,
      "pca_pc3": 0.09434390344546965,
      "pca_pc1_plus_pc2": 0.8783789115778143,
      "n_clusters_at_k": {
        "3": 3,
        "4": 4,
        "5": 5,
        "6": 6,
        "7": 7
      },
      "lacuna_candidates": [],
      "pair_disagreements": {
        "M1_M2": 0.6307692307692307,
        "M1_M3": 0.25,
        "M1_M4": 0.6923076923076923,
        "M2_M3": 0.125,
        "M2_M4": 0.36923076923076925,
        "M3_M4": 0.0
      },
      "cost_usd": 0.27634698,
      "errors": [
        "phase3 M3: parsed only 1 constructs from output",
        "phase4 M3: got 8/65 ratings",
        "phase4 M5: All attempts failed for moonshotai/kimi-k2.6; last error: empty content (finish_reason=length)"
      ]
    },
    {
      "cell_id": "A_P_run1",
      "task": "A",
      "condition": "P",
      "run_idx": 1,
      "n_constructs": 11,
      "n_elements": 5,
      "n_raters": 5,
      "mean_pairwise_disagreement": 0.49795454545454537,
      "n_high_corr_pairs": 6,
      "n_saturated_pairs": 2,
      "pct_high_corr": 0.10909090909090909,
      "pca_pc1": 0.42002154403709047,
      "pca_pc2": 0.36698106664827546,
      "pca_pc3": 0.1959083825350209,
      "pca_pc1_plus_pc2": 0.7870026106853659,
      "n_clusters_at_k": {
        "3": 3,
        "4": 4,
        "5": 5,
        "6": 6,
        "7": 7
      },
      "lacuna_candidates": [],
      "pair_disagreements": {
        "M1_M2": 0.6,
        "M1_M3": 0.25,
        "M1_M4": 0.6363636363636364,
        "M1_M5": 0.5636363636363636,
        "M2_M3": 0.25,
        "M2_M4": 0.43636363636363634,
        "M2_M5": 0.2545454545454545,
        "M3_M4": 0.875,
        "M3_M5": 0.75,
        "M4_M5": 0.36363636363636365
      },
      "cost_usd": 0.29044264999999997,
      "errors": [
        "phase3 M3: parsed only 2 constructs from output",
        "phase3 M4: parsed only 0 constructs from output",
        "phase4 M3: got 8/55 ratings"
      ]
    },
    {
      "cell_id": "B_N_run1",
      "task": "B",
      "condition": "N",
      "run_idx": 1,
      "n_constructs": 13,
      "n_elements": 5,
      "n_raters": 5,
      "mean_pairwise_disagreement": 0.38576923076923075,
      "n_high_corr_pairs": 66,
      "n_saturated_pairs": 59,
      "pct_high_corr": 0.8461538461538461,
      "pca_pc1": 0.9434967402634677,
      "pca_pc2": 0.049927290484186294,
      "pca_pc3": 0.006089560165348527,
      "pca_pc1_plus_pc2": 0.9934240307476541,
      "n_clusters_at_k": {
        "3": 3,
        "4": 4,
        "5": 5,
        "6": 6,
        "7": 7
      },
      "lacuna_candidates": [],
      "pair_disagreements": {
        "M1_M2": 0.4153846153846154,
        "M1_M3": 0.25,
        "M1_M4": 0.5538461538461539,
        "M1_M5": 0.47692307692307695,
        "M2_M3": 0.0,
        "M2_M4": 0.4461538461538462,
        "M2_M5": 0.5538461538461539,
        "M3_M4": 0.0,
        "M3_M5": 0.5,
        "M4_M5": 0.6615384615384615
      },
      "cost_usd": 0.31273306700000003,
      "errors": [
        "phase3 M3: parsed only 1 constructs from output",
        "phase4 M3: got 8/65 ratings"
      ]
    },
    {
      "cell_id": "B_N_run2",
      "task": "B",
      "condition": "N",
      "run_idx": 2,
      "n_constructs": 9,
      "n_elements": 5,
      "n_raters": 5,
      "mean_pairwise_disagreement": 0.6608333333333334,
      "n_high_corr_pairs": 28,
      "n_saturated_pairs": 28,
      "pct_high_corr": 0.7777777777777778,
      "pca_pc1": 0.953690624820062,
      "pca_pc2": 0.04580290853489289,
      "pca_pc3": 0.00041406012459894146,
      "pca_pc1_plus_pc2": 0.9994935333549548,
      "n_clusters_at_k": {
        "3": 3,
        "4": 4,
        "5": 5,
        "6": 5,
        "7": 5
      },
      "lacuna_candidates": [
        "C_M4_3"
      ],
      "pair_disagreements": {
        "M1_M2": 0.24444444444444444,
        "M1_M3": 0.875,
        "M1_M4": 0.5777777777777777,
        "M1_M5": 0.17777777777777778,
        "M2_M3": 0.375,
        "M2_M4": 0.8222222222222222,
        "M2_M5": 0.24444444444444444,
        "M3_M4": 2.0,
        "M3_M5": 0.625,
        "M4_M5": 0.6666666666666666
      },
      "cost_usd": 0.30269530999999994,
      "errors": [
        "phase3 M1: parsed only 0 constructs from output",
        "phase3 M3: parsed only 0 constructs from output",
        "phase4 M3: got 8/45 ratings"
      ]
    },
    {
      "cell_id": "B_N_run3",
      "task": "B",
      "condition": "N",
      "run_idx": 3,
      "n_constructs": 9,
      "n_elements": 3,
      "n_raters": 4,
      "mean_pairwise_disagreement": 0.13580246913580246,
      "n_high_corr_pairs": 22,
      "n_saturated_pairs": 22,
      "pct_high_corr": 0.6111111111111112,
      "pca_pc1": 0.899442368147465,
      "pca_pc2": 0.10055763185253494,
      "pca_pc3": 0.0,
      "pca_pc1_plus_pc2": 1.0,
      "n_clusters_at_k": {
        "3": 3,
        "4": 4,
        "5": 5,
        "6": 6,
        "7": 6
      },
      "lacuna_candidates": [],
      "pair_disagreements": {
        "M1_M2": 0.07407407407407407,
        "M1_M3": 0.0,
        "M1_M4": 0.3333333333333333,
        "M2_M3": 0.0,
        "M2_M4": 0.4074074074074074,
        "M3_M4": 0.0
      },
      "cost_usd": 0.111154389,
      "errors": [
        "phase1 M5: object of type 'NoneType' has no len()",
        "cell-level: expected string or bytes-like object, got 'NoneType'",
        "phase3 M1: parsed only 0 constructs from output",
        "phase3 M3: parsed only 0 constructs from output",
        "phase4 M3: got 1/27 ratings",
        "phase4 M5: All attempts failed for moonshotai/kimi-k2.6; last error: empty content (finish_reason=length)"
      ]
    },
    {
      "cell_id": "B_P_run1",
      "task": "B",
      "condition": "P",
      "run_idx": 1,
      "n_constructs": 14,
      "n_elements": 5,
      "n_raters": 4,
      "mean_pairwise_disagreement": 1.05,
      "n_high_corr_pairs": 49,
      "n_saturated_pairs": 35,
      "pct_high_corr": 0.5384615384615384,
      "pca_pc1": 0.8235523066919269,
      "pca_pc2": 0.1343010133290513,
      "pca_pc3": 0.027020887383536557,
      "pca_pc1_plus_pc2": 0.9578533200209782,
      "n_clusters_at_k": {
        "3": 3,
        "4": 4,
        "5": 5,
        "6": 6,
        "7": 7
      },
      "lacuna_candidates": [],
      "pair_disagreements": {
        "M1_M2": 0.24285714285714285,
        "M1_M3": 0.5,
        "M1_M4": 1.8142857142857143,
        "M2_M3": 0.125,
        "M2_M4": 1.7428571428571429,
        "M3_M4": 1.875
      },
      "cost_usd": 0.30059972500000004,
      "errors": [
        "phase3 M3: parsed only 2 constructs from output",
        "phase4 M3: got 8/70 ratings",
        "phase4 M5: All attempts failed for moonshotai/kimi-k2.6; last error: empty content (finish_reason=length)"
      ]
    },
    {
      "cell_id": "B_P_run2",
      "task": "B",
      "condition": "P",
      "run_idx": 2,
      "n_constructs": 12,
      "n_elements": 3,
      "n_raters": 5,
      "mean_pairwise_disagreement": 0.9464646464646466,
      "n_high_corr_pairs": 39,
      "n_saturated_pairs": 31,
      "pct_high_corr": 0.5909090909090909,
      "pca_pc1": 0.8028027693970673,
      "pca_pc2": 0.19719723060293273,
      "pca_pc3": 0.0,
      "pca_pc1_plus_pc2": 1.0,
      "n_clusters_at_k": {
        "3": 3,
        "4": 4,
        "5": 5,
        "6": 6,
        "7": 7
      },
      "lacuna_candidates": [],
      "pair_disagreements": {
        "M1_M2": 0.5454545454545454,
        "M1_M3": 1.0,
        "M1_M4": 0.36363636363636365,
        "M1_M5": 0.6666666666666666,
        "M2_M3": 3.0,
        "M2_M4": 0.2777777777777778,