factor,random_effect_var,residual_var,icc,pct_of_total_var
task,0.0,6.046215091008947,0.0,0.0
condition,0.0,6.06728712207274,0.0,0.0
rater_persona,0.0,6.063382494686021,0.0,0.0
rater_model,0.0,6.067020200050479,0.0,0.0
cell_id,0.0,5.930381462406537,0.0,0.0
